<?xml version="1.0"?>

<CourseTable xmlns:xsi="http://www.w3.org/2001/XMLSchema-instance" xsi:schemaLocation="Course.xsd">
        <Course courseid= "1" >
            <coursename> Servlet </coursename>
            
            <location>Pune</location>
        
            <labno>F101</labno>
            
            <fid>101</fid>
        
            <DOS>2016-04-12</DOS>
            
            <DOE>2016-04-14</DOE>
        
        </Course>

        <Course courseid= "2" >
            <coursename> JSP 2.2 </coursename>
        
            <location>Pune</location>
        
            <labno>F102</labno>
            
            <fid>103</fid>
        
            <DOS>2016-10-05</DOS>
            
            <DOE>2016-10-08</DOE>
        
        </Course>

        <Course courseid= "3" >
            <coursename> Windows Programming </coursename>
        
            <location>Mumbai</location>
        
            <labno>G103</labno>
            
            <fid>103</fid>
        
            <DOS>2016-05-02</DOS>
            
            <DOE>2016-05-08</DOE>
        
        </Course>

                <Course courseid= "4" >
            <coursename> OOP and UML </coursename>
        
            <location>Mumbai</location>
        
            <labno>G101</labno>
            
            <fid>104</fid>
        
            <DOS>2016-01-03</DOS>
            
            <DOE>2016-01-04</DOE>
        
        </Course>

                <Course courseid= "5" >
            <coursename>HTML</coursename>
        
            <location>Bangalore</location>
        
            <labno>G101</labno>
            
            <fid>104</fid>
        
            <DOS>2016-11-06</DOS>
            
            <DOE>2016-11-12</DOE>
        
        </Course>

                <Course courseid= "6" >
            <coursename> Windows Presentation </coursename>
        
            <location>Bangalore</location>
        
            <labno>G101</labno>
            
            <fid>104</fid>
        
            <DOS>2016-07-16</DOS>
            
            <DOE>2016-07-22</DOE>
        
        </Course>

        
</CourseTable>
    